comment,cleanText,translated,noStopword,stemmed,tokens,wordCount,finalText
2:31 That was my favorite scene,that was my favorite scene,Itu adalah adegan favorit saya,Itu adegan favorit,itu adegan favorit,"['itu', 'adegan', 'favorit']",3,itu adegan favorit
Seriously if my man doesn't look at me this way I don't want him üòÇüòÇüòÇ,seriously if my man doesnt look at me this way i dont want him,"Serius jika pria saya tidak melihat saya seperti ini, saya tidak menginginkannya","Serius pria tidak melihat seperti ini, tidak menginginkannya",serius pria tidak lihat seperti ini tidak ingin,"['serius', 'pria', 'tidak', 'lihat', 'seperti', 'ini', 'tidak', 'ingin']",8,serius pria tidak lihat seperti ini tidak ingin
"The moment he says: "" cause we may be kids "" with that little laugh ...so sweet and honestly they just dead it üòäüòäüòä‚ù§",the moment he says cause we may be kids with that little laugh so sweet and honestly they just dead it,Saat dia mengatakan karena kita mungkin anak -anak dengan tawa kecil itu begitu manis dan jujur ‚Äã‚Äãmereka hanya mati,Saat mengatakan kita mungkin anak -anak tawa kecil begitu manis jujur ‚Äã‚Äãmereka mati,saat kata kita mungkin anak -anak tawa kecil begitu manis jujur mereka mati,"['saat', 'kata', 'kita', 'mungkin', 'anak', '-anak', 'tawa', 'kecil', 'begitu', 'manis', 'jujur', 'mereka', 'mati']",13,saat kata kita mungkin anak -anak tawa kecil begitu manis jujur mereka mati
"–¢–∞–ø—Ç—ã–º
–ú–∞—Ö–∞–±–±–∞—Ç —Ç–∞–ø—Ç—ã–º –∞“£—Å–∞“ì–∞–Ω
“ö–æ—Ä—ã“õ–ø–∞–π –º–∞“ì–∞–Ω –µ—Ä, “õ–æ—Ä“ì–∞–Ω—ã“£ –±–æ–ª–∞–º

–ó–æ–ª—É—à–∫–∞
–¢–∞–ø—Ç—ã–º –±—ñ—Ä –µ—Ä, –∂“Ø—Ä–µ–≥—ñ —Å“±–ª—É

–ë—ñ—Ä–≥–µ
–ë—ñ–ª–µ–º –µ–∫—ñ –∂–∞—Ä—Ç—ã –±—ñ—Ä –±“Ø—Ç—ñ–Ω  —Å–µ–Ω –∂”ô–Ω–µ –º–µ–Ω

–ü—Ä–∏–Ω—Ü
–±”ô–ª–∫—ñ–º –±–∞–ª–∞–º—ã–∑

–ë—ñ—Ä–≥–µ
–ô”ô –±—ñ–∑ “ì–∞—à—ã“õ–ø—ã–∑
“ö–æ—Å—ã–ª—É“ì–∞  –±—ñ–∑ –∞—Å—ã“õ–ø—ã–∑
—Å–µ–Ω—ñ –º–µ–Ω –±–æ–ª—Å–∞–º  –±—ñ—Ä–≥–µ /—Ç—ñ–ª–µ—É—ñ–º/ —Å–æ–ª
“ö–æ–ª—ã–º–Ω–∞–Ω “±—Å—Ç–∞ –∞–ª –º–µ–Ω

–ü—Ä–∏–Ω—Ü 
–ï—Ä–∫–µ–º –±–æ–ª

–û–±–∞
–ê–ª —Å–µ–Ω –º–µ–Ω—ñ–º–µ–Ω –µ—Ä
(–°–µ–Ω –º–µ–Ω—ñ–º–µ–Ω –µ—Ä)
–ë“Ø–≥—ñ–Ω ”©–º—ñ—Ä—ñ–º–Ω—ñ“£ –º”ô–Ω—ñ –æ–ª —Å–µ–Ω

–ñ–∞–Ω—ã–º –º–µ–Ω
“ö–∞—Ä–∞“£“ì—ã–¥–∞ –±–∏–ª–µ–π–º (–º—ñ–Ω)
“ö“±—à–∞“ì—ã“£–¥–∞–º—ã–Ω –º–µ–Ω
”ò–ª–µ–º –∫“Ø—Ç–µ —Ç“±—Ä–∞–¥
–ï–∫–µ—É—ñ–º—ñ–∑–¥—ñ“£ ”ô–Ω—ñ–º—ñ–∑ –±“±–ª

–ü—Ä–∏–Ω—Ü
–ö”©—Ä–∫—ñ“£–µ –∫”©–∑—ñ–º —Å–µ–Ω–±–µ–π , “õ–∞—Ä–∞–π –±–µ—Ä–≥—ñ–º –∫–µ–ª–µ–¥(—ñ)

–ó–æ–ª—É—à–∫–∞
–°–∞“ì–∞–Ω —Ç–µ“£ –µ–º–µ—Å–ø—ñ–Ω

–ü—Ä–∏–Ω—Ü
–ñ–∞–Ω—ã–º —Å–µ–Ω “ì–∞–∂–∞–ø—Å—ã“£


–ñ–∞–Ω—ã–º –º–µ–Ω
“ö–∞—Ä–∞“£“ì—ã–¥–∞ –±–∏–ª–µ–π–º (–º—ñ–Ω)
“ö“±—à–∞“ì—ã“£–¥–∞–º—ã–Ω –º–µ–Ω
”ò–ª–µ–º –∫“Ø—Ç–µ —Ç“±—Ä–∞–¥
–ï–∫–µ—É—ñ–º—ñ–∑–¥—ñ“£ ”ô–Ω—ñ–º—ñ–∑ –±“±–ª 
–°–µ–Ω—ñ –∫”©—Ä—ñ–ø –º–µ–Ω –±—ñ–ª–¥—ñ–º
–ñ–∞–Ω –ø–µ—Ä—ñ—ñ—ñ—ñ—à—Ç–µ–º—ñ—Å—ñ“£ –∂–∞—Ä–∞–º–¥—ã –µ–º–¥–µ–¥—ñ“£
–ö”©–∑—ñ–º–µ —Å–µ–Ω–±–µ–π–º—ñ–Ω
–õ–∞–π—ã“õ—Ç—ã –µ–º–µ—Å–ø—ñ–Ω
–¢–∞–ø—Ç—ã–º —Å–µ–Ω—ñ –º–µ–Ω –±“Ø–≥—ñ–Ω",—Ç–∞–ø—Ç—ã–º –º–∞—Ö–∞–±–±–∞—Ç —Ç–∞–ø—Ç—ã–º –∞“£—Å–∞“ì–∞–Ω “õ–æ—Ä—ã“õ–ø–∞–π –º–∞“ì–∞–Ω –µ—Ä “õ–æ—Ä“ì–∞–Ω—ã“£ –±–æ–ª–∞–º –∑–æ–ª—É—à–∫–∞ —Ç–∞–ø—Ç—ã–º –±—ñ—Ä –µ—Ä –∂“Ø—Ä–µ–≥—ñ —Å“±–ª—É –±—ñ—Ä–≥–µ –±—ñ–ª–µ–º –µ–∫—ñ –∂–∞—Ä—Ç—ã –±—ñ—Ä –±“Ø—Ç—ñ–Ω —Å–µ–Ω –∂”ô–Ω–µ –º–µ–Ω –ø—Ä–∏–Ω—Ü –±”ô–ª–∫—ñ–º –±–∞–ª–∞–º—ã–∑ –±—ñ—Ä–≥–µ –π”ô –±—ñ–∑ “ì–∞—à—ã“õ–ø—ã–∑ “õ–æ—Å—ã–ª—É“ì–∞ –±—ñ–∑ –∞—Å—ã“õ–ø—ã–∑ —Å–µ–Ω—ñ –º–µ–Ω –±–æ–ª—Å–∞–º –±—ñ—Ä–≥–µ —Ç—ñ–ª–µ—É—ñ–º —Å–æ–ª “õ–æ–ª—ã–º–Ω–∞–Ω “±—Å—Ç–∞ –∞–ª –º–µ–Ω –ø—Ä–∏–Ω—Ü –µ—Ä–∫–µ–º –±–æ–ª –æ–±–∞ –∞–ª —Å–µ–Ω –º–µ–Ω—ñ–º–µ–Ω –µ—Ä —Å–µ–Ω –º–µ–Ω—ñ–º–µ–Ω –µ—Ä –±“Ø–≥—ñ–Ω ”©–º—ñ—Ä—ñ–º–Ω—ñ“£ –º”ô–Ω—ñ –æ–ª —Å–µ–Ω –∂–∞–Ω—ã–º –º–µ–Ω “õ–∞—Ä–∞“£“ì—ã–¥–∞ –±–∏–ª–µ–π–º –º—ñ–Ω “õ“±—à–∞“ì—ã“£–¥–∞–º—ã–Ω –º–µ–Ω ”ô–ª–µ–º –∫“Ø—Ç–µ —Ç“±—Ä–∞–¥ –µ–∫–µ—É—ñ–º—ñ–∑–¥—ñ“£ ”ô–Ω—ñ–º—ñ–∑ –±“±–ª –ø—Ä–∏–Ω—Ü –∫”©—Ä–∫—ñ“£–µ –∫”©–∑—ñ–º —Å–µ–Ω–±–µ–π “õ–∞—Ä–∞–π –±–µ—Ä–≥—ñ–º –∫–µ–ª–µ–¥—ñ –∑–æ–ª—É—à–∫–∞ —Å–∞“ì–∞–Ω —Ç–µ“£ –µ–º–µ—Å–ø—ñ–Ω –ø—Ä–∏–Ω—Ü –∂–∞–Ω—ã–º —Å–µ–Ω “ì–∞–∂–∞–ø—Å—ã“£ –∂–∞–Ω—ã–º –º–µ–Ω “õ–∞—Ä–∞“£“ì—ã–¥–∞ –±–∏–ª–µ–π–º –º—ñ–Ω “õ“±—à–∞“ì—ã“£–¥–∞–º—ã–Ω –º–µ–Ω ”ô–ª–µ–º –∫“Ø—Ç–µ —Ç“±—Ä–∞–¥ –µ–∫–µ—É—ñ–º—ñ–∑–¥—ñ“£ ”ô–Ω—ñ–º—ñ–∑ –±“±–ª —Å–µ–Ω—ñ –∫”©—Ä—ñ–ø –º–µ–Ω –±—ñ–ª–¥—ñ–º –∂–∞–Ω –ø–µ—Ä—ñ—ñ—ñ—ñ—à—Ç–µ–º—ñ—Å—ñ“£ –∂–∞—Ä–∞–º–¥—ã –µ–º–¥–µ–¥—ñ“£ –∫”©–∑—ñ–º–µ —Å–µ–Ω–±–µ–π–º—ñ–Ω –ª–∞–π—ã“õ—Ç—ã –µ–º–µ—Å–ø—ñ–Ω —Ç–∞–ø—Ç—ã–º —Å–µ–Ω—ñ –º–µ–Ω –±“Ø–≥—ñ–Ω,—Ç–∞–ø—Ç—ã–º –º–∞—Ö–∞–±–±–∞—Ç —Ç–∞–ø—Ç—ã–º –∞“£—Å–∞“ì–∞–Ω “õ–æ—Ä—ã“õ–ø–∞–π –º–∞“ì–∞–Ω –µ—Ä “õ–æ—Ä“ì–∞–Ω—ã“£ –±–æ–ª–∞–º –∑–æ–ª—É—à–∫–∞ —Ç–∞–ø—Ç—ã–º –±—ñ—Ä –µ—Ä –∂“Ø—Ä–µ–≥—ñ —Å“±–ª—É –±—ñ—Ä–≥–µ –±—ñ–ª–µ–º –µ–∫—ñ –∂–∞—Ä—Ç—ã –±—ñ—Ä –±“Ø—Ç—ñ–Ω —Å–µ–Ω –∂”ô–Ω–µ –º–µ–Ω –ø—Ä–∏–Ω—Ü –±”ô–ª–∫—ñ–º –±–∞–ª–∞–º—ã–∑ –±—ñ—Ä–≥–µ –π”ô –±—ñ–∑ “ì–∞—à—ã“õ–ø—ã–∑ “õ–æ—Å—ã–ª—É“ì–∞ –±—ñ–∑ –∞—Å—ã“õ–ø—ã–∑ —Å–µ–Ω—ñ –º–µ–Ω –±–æ–ª—Å–∞–º –±—ñ—Ä–≥–µ —Ç—ñ–ª–µ—É—ñ–º —Å–æ–ª “õ–æ–ª—ã–º–Ω–∞–Ω “±—Å—Ç–∞ –∞–ª –º–µ–Ω –ø—Ä–∏–Ω—Ü –µ—Ä–∫–µ–º –±–æ–ª –æ–±–∞ –∞–ª —Å–µ–Ω –º–µ–Ω—ñ–º–µ–Ω –µ—Ä —Å–µ–Ω –º–µ–Ω—ñ–º–µ–Ω –µ—Ä –±“Ø–≥—ñ–Ω ”©–º—ñ—Ä—ñ–º–Ω—ñ“£ –º”ô–Ω—ñ –æ–ª —Å–µ–Ω –∂–∞–Ω—ã–º –º–µ–Ω “õ–∞—Ä–∞“£“ì—ã–¥–∞ –±–∏–ª–µ–π–º –º—ñ–Ω “õ“±—à–∞“ì—ã“£–¥–∞–º—ã–Ω –º–µ–Ω ”ô–ª–µ–º –∫“Ø—Ç–µ —Ç“±—Ä–∞–¥ –µ–∫–µ—É—ñ–º—ñ–∑–¥—ñ“£ ”ô–Ω—ñ–º—ñ–∑ –±“±–ª –ø—Ä–∏–Ω—Ü –∫”©—Ä–∫—ñ“£–µ –∫”©–∑—ñ–º —Å–µ–Ω–±–µ–π “õ–∞—Ä–∞–π –±–µ—Ä–≥—ñ–º –∫–µ–ª–µ–¥—ñ –∑–æ–ª—É—à–∫–∞ —Å–∞“ì–∞–Ω —Ç–µ“£ –µ–º–µ—Å–ø—ñ–Ω –ø—Ä–∏–Ω—Ü –∂–∞–Ω—ã–º —Å–µ–Ω “ì–∞–∂–∞–ø—Å—ã“£ –∂–∞–Ω—ã–º –º–µ–Ω “õ–∞—Ä–∞“£“ì—ã–¥–∞ –±–∏–ª–µ–π–º –º—ñ–Ω “õ“±—à–∞“ì—ã“£–¥–∞–º—ã–Ω –º–µ–Ω ”ô–ª–µ–º –∫“Ø—Ç–µ —Ç“±—Ä–∞–¥ –µ–∫–µ—É—ñ–º—ñ–∑–¥—ñ“£ ”ô–Ω—ñ–º—ñ–∑ –±“±–ª —Å–µ–Ω—ñ –∫”©—Ä—ñ–ø –º–µ–Ω –±—ñ–ª–¥—ñ–º –∂–∞–Ω –ø–µ—Ä—ñ—ñ—ñ—ñ—à—Ç–µ–º—ñ—Å—ñ“£ –∂–∞—Ä–∞–º–¥—ã –µ–º–¥–µ–¥—ñ“£ –∫”©–∑—ñ–º–µ —Å–µ–Ω–±–µ–π–º—ñ–Ω –ª–∞–π—ã“õ—Ç—ã –µ–º–µ—Å–ø—ñ–Ω —Ç–∞–ø—Ç—ã–º —Å–µ–Ω—ñ –º–µ–Ω –±“Ø–≥—ñ–Ω,—Ç–∞–ø—Ç—ã–º –º–∞—Ö–∞–±–±–∞—Ç —Ç–∞–ø—Ç—ã–º –∞“£—Å–∞“ì–∞–Ω “õ–æ—Ä—ã“õ–ø–∞–π –º–∞“ì–∞–Ω –µ—Ä “õ–æ—Ä“ì–∞–Ω—ã“£ –±–æ–ª–∞–º –∑–æ–ª—É—à–∫–∞ —Ç–∞–ø—Ç—ã–º –±—ñ—Ä –µ—Ä –∂“Ø—Ä–µ–≥—ñ —Å“±–ª—É –±—ñ—Ä–≥–µ –±—ñ–ª–µ–º –µ–∫—ñ –∂–∞—Ä—Ç—ã –±—ñ—Ä –±“Ø—Ç—ñ–Ω —Å–µ–Ω –∂”ô–Ω–µ –º–µ–Ω –ø—Ä–∏–Ω—Ü –±”ô–ª–∫—ñ–º –±–∞–ª–∞–º—ã–∑ –±—ñ—Ä–≥–µ –π”ô –±—ñ–∑ “ì–∞—à—ã“õ–ø—ã–∑ “õ–æ—Å—ã–ª—É“ì–∞ –±—ñ–∑ –∞—Å—ã“õ–ø—ã–∑ —Å–µ–Ω—ñ –º–µ–Ω –±–æ–ª—Å–∞–º –±—ñ—Ä–≥–µ —Ç—ñ–ª–µ—É—ñ–º —Å–æ–ª “õ–æ–ª—ã–º–Ω–∞–Ω “±—Å—Ç–∞ –∞–ª –º–µ–Ω –ø—Ä–∏–Ω—Ü –µ—Ä–∫–µ–º –±–æ–ª –æ–±–∞ –∞–ª —Å–µ–Ω –º–µ–Ω—ñ–º–µ–Ω –µ—Ä —Å–µ–Ω –º–µ–Ω—ñ–º–µ–Ω –µ—Ä –±“Ø–≥—ñ–Ω ”©–º—ñ—Ä—ñ–º–Ω—ñ“£ –º”ô–Ω—ñ –æ–ª —Å–µ–Ω –∂–∞–Ω—ã–º –º–µ–Ω “õ–∞—Ä–∞“£“ì—ã–¥–∞ –±–∏–ª–µ–π–º –º—ñ–Ω “õ“±—à–∞“ì—ã“£–¥–∞–º—ã–Ω –º–µ–Ω ”ô–ª–µ–º –∫“Ø—Ç–µ —Ç“±—Ä–∞–¥ –µ–∫–µ—É—ñ–º—ñ–∑–¥—ñ“£ ”ô–Ω—ñ–º—ñ–∑ –±“±–ª –ø—Ä–∏–Ω—Ü –∫”©—Ä–∫—ñ“£–µ –∫”©–∑—ñ–º —Å–µ–Ω–±–µ–π “õ–∞—Ä–∞–π –±–µ—Ä–≥—ñ–º –∫–µ–ª–µ–¥—ñ –∑–æ–ª—É—à–∫–∞ —Å–∞“ì–∞–Ω —Ç–µ“£ –µ–º–µ—Å–ø—ñ–Ω –ø—Ä–∏–Ω—Ü –∂–∞–Ω—ã–º —Å–µ–Ω “ì–∞–∂–∞–ø—Å—ã“£ –∂–∞–Ω—ã–º –º–µ–Ω “õ–∞—Ä–∞“£“ì—ã–¥–∞ –±–∏–ª–µ–π–º –º—ñ–Ω “õ“±—à–∞“ì—ã“£–¥–∞–º—ã–Ω –º–µ–Ω ”ô–ª–µ–º –∫“Ø—Ç–µ —Ç“±—Ä–∞–¥ –µ–∫–µ—É—ñ–º—ñ–∑–¥—ñ“£ ”ô–Ω—ñ–º—ñ–∑ –±“±–ª —Å–µ–Ω—ñ –∫”©—Ä—ñ–ø –º–µ–Ω –±—ñ–ª–¥—ñ–º –∂–∞–Ω –ø–µ—Ä—ñ—ñ—ñ—ñ—à—Ç–µ–º—ñ—Å—ñ“£ –∂–∞—Ä–∞–º–¥—ã –µ–º–¥–µ–¥—ñ“£ –∫”©–∑—ñ–º–µ —Å–µ–Ω–±–µ–π–º—ñ–Ω –ª–∞–π—ã“õ—Ç—ã –µ–º–µ—Å–ø—ñ–Ω —Ç–∞–ø—Ç—ã–º —Å–µ–Ω—ñ –º–µ–Ω –±“Ø–≥—ñ–Ω,,[],0,
‚ù§ I found a love‚ù§Ô∏è,i found a love,Saya menemukan cinta,Saya menemukan cinta,saya temu cinta,"['saya', 'temu', 'cinta']",3,saya temu cinta
1:13 it very nice üò¢,it very nice,itu sangat bagus,sangat bagus,sangat bagus,"['sangat', 'bagus']",2,sangat bagus
I don't why I am crying üò¢,i dont why i am crying,i dont why i am crying,i dont why i am crying,i dont why i am crying,"['i', 'dont', 'why', 'i', 'am', 'crying']",6,i dont why i am crying
Anyone in 2025 September üéâ,anyone in september,siapa pun di bulan September,siapa di bulan September,siapa di bulan september,"['siapa', 'di', 'bulan', 'september']",4,siapa di bulan september
Favourite song ü´∂üèª‚ò∫Ô∏è,favourite song,favourite song,favourite song,favourite song,"['favourite', 'song']",2,favourite song
Father in the heaven i used to be considered myself as Cinderella since my childhood after my mom passed away I've lost my smile suddenly a guy came and brought my smile again i thought I find out my prince charming but he left me now father still I love him bring reconciliation of my relationship with that guy and may he come back and look for me and search for me &make us together and get married and I put u the first  between in the name of Jesus amen,father in the heaven i used to be considered myself as cinderella since my childhood after my mom passed away ive lost my smile suddenly a guy came and brought my smile again i thought i find out my prince charming but he left me now father still i love him bring reconciliation of my relationship with that guy and may he come back and look for me and search for me make us together and get married and i put u the first between in the name of jesus amen,"Ayah di surga, saya dulu dianggap sebagai Cinderella sejak masa kecil saya setelah ibu saya meninggal, saya kehilangan senyum saya tiba -tiba seorang pria datang dan membawa senyum saya lagi, saya pikir saya mengetahui pangeran saya yang menawan tetapi dia meninggalkan saya sekarang ayah masih saya cintai dia membawa rekonsiliasi hubungan saya dengan orang itu dan semoga dia kembali dan mencari saya dan mencari saya membuat kami membuat bersama dan menikahi Anda di antara itu di antara nama di antara nama di antara saya di antara saya di antara saya dan mencari saya di antara saya dan mencari tahu di antara saya dan mencari nama saya di antara saya dan mencari saya di antara saya dan mencariku di antara saya dan mencari nama di antara saya dan mencari nama di antara saya dan mencari saya di antara saya dan mencari nama di antara saya dan mencarinya di antara saya dan mencarinya di antara saya dan mencarinya di antara saya dan mencari saya di antara saya dan mencari nama di antara saya dan mencarinya di antara saya dan mencari saya di antara saya dan mencari nama di antara saya dan mencarinya di antara saya dan mencari saya di antara saya dan mencari saya di antara saya dan mencari nama di antara saya,","Ayah surga, dulu dianggap Cinderella sejak masa kecil setelah ibu meninggal, kehilangan senyum tiba -tiba seorang pria datang membawa senyum lagi, pikir mengetahui pangeran yang menawan meninggalkan sekarang ayah cintai membawa rekonsiliasi hubungan dengan orang semoga dia kembali mencari mencari membuat membuat bersama menikahi Anda nama nama mencari mencari tahu mencari nama mencari mencariku antara mencari nama antara dan mencari nama antara dan mencari antara dan mencari nama antara dan mencarinya antara dan mencarinya antara dan mencarinya di antara dan mencari di antara dan mencari nama di antara saya dan mencarinya di antara saya dan mencari saya di antara saya dan mencari nama di antara saya dan mencarinya di antara saya dan mencari saya di antara saya dan mencari saya di antara saya dan mencari nama di antara saya,",ayah surga dulu anggap cinderella sejak masa kecil telah ibu tinggal hilang senyum tiba -tiba orang pria datang bawa senyum lagi pikir tahu pangeran yang tawan tinggal sekarang ayah cinta bawa rekonsiliasi hubung dengan orang moga dia kembali cari cari buat buat sama nikah anda nama nama cari cari tahu cari nama cari cari antara cari nama antara dan cari nama antara dan cari antara dan cari nama antara dan cari antara dan cari antara dan cari di antara dan cari di antara dan cari nama di antara saya dan cari di antara saya dan cari saya di antara saya dan cari nama di antara saya dan cari di antara saya dan cari saya di antara saya dan cari saya di antara saya dan cari nama di antara saya,"['ayah', 'surga', 'dulu', 'anggap', 'cinderella', 'sejak', 'masa', 'kecil', 'telah', 'ibu', 'tinggal', 'hilang', 'senyum', 'tiba', '-tiba', 'orang', 'pria', 'datang', 'bawa', 'senyum', 'lagi', 'pikir', 'tahu', 'pangeran', 'yang', 'tawan', 'tinggal', 'sekarang', 'ayah', 'cinta', 'bawa', 'rekonsiliasi', 'hubung', 'dengan', 'orang', 'moga', 'dia', 'kembali', 'cari', 'cari', 'buat', 'buat', 'sama', 'nikah', 'anda', 'nama', 'nama', 'cari', 'cari', 'tahu', 'cari', 'nama', 'cari', 'cari', 'antara', 'cari', 'nama', 'antara', 'dan', 'cari', 'nama', 'antara', 'dan', 'cari', 'antara', 'dan', 'cari', 'nama', 'antara', 'dan', 'cari', 'antara', 'dan', 'cari', 'antara', 'dan', 'cari', 'di', 'antara', 'dan', 'cari', 'di', 'antara', 'dan', 'cari', 'nama', 'di', 'antara', 'saya', 'dan', 'cari', 'di', 'antara', 'saya', 'dan', 'cari', 'saya', 'di', 'antara', 'saya', 'dan', 'cari', 'nama', 'di', 'antara', 'saya', 'dan', 'cari', 'di', 'antara', 'saya', 'dan', 'cari', 'saya', 'di', 'antara', 'saya', 'dan', 'cari', 'saya', 'di', 'antara', 'saya', 'dan', 'cari', 'nama', 'di', 'antara', 'saya']",129,ayah surga dulu anggap cinderella sejak masa kecil telah ibu tinggal hilang senyum tiba -tiba orang pria datang bawa senyum lagi pikir tahu pangeran yang tawan tinggal sekarang ayah cinta bawa rekonsiliasi hubung dengan orang moga dia kembali cari cari buat buat sama nikah anda nama nama cari cari tahu cari nama cari cari antara cari nama antara dan cari nama antara dan cari antara dan cari nama antara dan cari antara dan cari antara dan cari di antara dan cari di antara dan cari nama di antara saya dan cari di antara saya dan cari saya di antara saya dan cari nama di antara saya dan cari di antara saya dan cari saya di antara saya dan cari saya di antara saya dan cari nama di antara saya
